company,title,location,url,job_id,timestamp,source
Accenture,India Market Unit -CFO&EV-Consultant,"India
                      
                        
                          
                        
                      
                      New Delhi",https://www.accenture.com/in-en/careers/jobdetails?id=R00210495_en&title=India%20Market%20Unit%20-CFO%26EV-Consultant,,2025-02-25 15:14:01,Accenture
Accenture,India Market Unit-RES- CAL Renewables,"India
                      
                        
                          
                        
                      
                      New Delhi",https://www.accenture.com/in-en/careers/jobdetails?id=R00196903_en&title=India%20Market%20Unit-RES-%20CAL%20Renewables,,2025-02-25 15:14:01,Accenture
Accenture,India Market Unit - SDP - Analyst,"India
                      
                        
                          
                        
                      
                      New Delhi",https://www.accenture.com/in-en/careers/jobdetails?id=R00212485_en&title=India%20Market%20Unit%20-%20SDP%20-%20Analyst,,2025-02-25 15:14:01,Accenture
Accenture,India Market Unit - SDP - Consultant,"India
                      
                        
                          
                        
                      
                      Bengaluru",https://www.accenture.com/in-en/careers/jobdetails?id=R00223925_en&title=India%20Market%20Unit%20-%20SDP%20-%20Consultant,,2025-02-25 15:14:01,Accenture
Accenture,India Market Unit - Tech PMO-Sr.Manager,"India
                      
                        
                          
                        
                      
                      New Delhi",https://www.accenture.com/in-en/careers/jobdetails?id=R00205685_en&title=India%20Market%20Unit%20-%20Tech%20PMO-Sr.Manager,,2025-02-25 15:14:01,Accenture
Accenture,India Market Unit - Tech PMO-Sr.Manager,"India
                      
                        
                          
                        
                      
                      New Delhi",https://www.accenture.com/in-en/careers/jobdetails?id=R00205688_en&title=India%20Market%20Unit%20-%20Tech%20PMO-Sr.Manager,,2025-02-25 15:14:01,Accenture
Accenture,India Market Unit -CFO&EV-Consultant,"India
                      
                        
                          
                        
                      
                      Mumbai",https://www.accenture.com/in-en/careers/jobdetails?id=R00210488_en&title=India%20Market%20Unit%20-CFO%26EV-Consultant,,2025-02-25 15:14:01,Accenture
Accenture,Workplace Service Delivery - India Caf√© Operations,"India
                      
                        
                          
                        
                      
                      Bengaluru",https://www.accenture.com/in-en/careers/jobdetails?id=R00244160_en&title=Workplace%20Service%20Delivery%20-%20India%20Caf%C3%A9%20Operations,,2025-02-25 15:14:01,Accenture
Accenture,India Market Unit - CFO& EV-Manager,"India
                      
                        
                          
                        
                      
                      New Delhi",https://www.accenture.com/in-en/careers/jobdetails?id=R00206922_en&title=India%20Market%20Unit%20-%20CFO%26%20EV-Manager,,2025-02-25 15:14:01,Accenture
Accenture,Saved Jobs,,https://www.accenture.com/in-en/careers/saved-jobs,,2025-02-25 15:14:01,Accenture
Accenture,Search Jobs at Accenture,,https://www.accenture.com/in-en/careers/local/technology-grads#block-section-exploreaccenture,,2025-02-25 15:14:01,Accenture
Accenture,Entry Level Technology Careers,,https://www.accenture.com/in-en/careers/local/technology-grads#block-section-exploreaccenture,,2025-02-25 15:14:01,Accenture
Accenture,Filter Results,"India
                      
                        
                          
                        
                      
                      New Delhi",https://www.accenture.com/in-en/careers/,,2025-02-25 15:14:01,Accenture
Accenture,Filter Results,,https://www.accenture.com/in-en/careers/,,2025-02-25 15:14:01,Accenture
Accenture,Filter Results,,https://www.accenture.com/in-en/careers/jobsearch,,2025-02-25 15:14:01,Accenture
Accenture,New Job Search,,https://www.accenture.com/in-en/careers/jobsearch,,2025-02-25 15:14:01,Accenture
Accenture,Previous,,https://www.accenture.com/in-en/careers/,,2025-02-25 15:14:01,Accenture
Accenture,"Read careers Blog
	        Read careers Blog
	        Read careers Blog",,https://www.accenture.com/us-en/blogs/blogs-careers,,2025-02-25 15:14:01,Accenture
